measurement,clip,fft,srm
inter biggan-vs-sdv15 (same cat),0.8638294637905725,57.15125854782214,2.860441317895244
inter real-cat A vs real-cat B,1.032256963023839,47.71785189647224,5.100437736438559
inter real-vs-fake (same cat),0.8808097653793133,53.11461888116615,3.951588627946809
intra (same source & cat),0.8382394197404976,42.260669003988404,3.357334800467583
silhouette 3-class (real/GAN/diff),-0.0085445791482925,0.031067561358213425,-0.316891610622406
silhouette GAN vs diff (fakes only),0.0380746498703956,0.20300893485546112,0.1655085235834121
silhouette real vs fake,0.0101574528962373,0.09553593397140503,-0.0583905726671218
