measurement,clip,fft,srm
inter biggan-vs-sdv15 (same cat),0.8638294637905725,78.80739617631824,2.860441317895244
inter real-cat A vs real-cat B,1.032256963023839,61.233597951303295,5.1004377364385585
inter real-vs-fake (same cat),0.8808097653793133,67.86591572616827,3.9515886279468093
intra (same source & cat),0.8382394197404976,57.640582740379855,3.357334800467583
silhouette 3-class (real/GAN/diff),-0.008544579148292542,0.0343727245926857,-0.316891610622406
silhouette GAN vs diff (fakes only),0.03807464987039566,0.25300630927085876,0.16550852358341217
silhouette real vs fake,0.010157452896237373,0.06212833523750305,-0.05839057266712189
